Date, AQI Value,Main Pollutant,Site Name,Site ID,Source,20-year High (2000-2019),20-year Low (2000-2019),5-year Average (2015-2019),Date of 20-year High,Date of 20-year Low
1/01/2023,38,PM2.5,EAST SYRACUSE,36-067-1015,AQS,54,9,31.2,1/01/2000,1/01/2006
1/02/2023,48,PM2.5,EAST SYRACUSE,36-067-1015,AQS,43,12,32.4,1/02/2017,1/02/2006
1/03/2023,49,PM2.5,EAST SYRACUSE,36-067-1015,AQS,35,19,28.6,1/03/2011,1/03/2005
1/04/2023,22,PM2.5,EAST SYRACUSE,36-067-1015,AQS,52,24,28.4,1/04/2013,1/04/2007
1/05/2023,33,PM2.5,EAST SYRACUSE,36-067-1015,AQS,64,22,33.4,1/05/2002,1/05/2007
1/06/2023,33,PM2.5,EAST SYRACUSE,36-067-1015,AQS,67,19,31.2,1/06/2003,1/06/2000
1/07/2023,30,PM2.5,EAST SYRACUSE,36-067-1015,AQS,77,29,38.2,1/07/2001,1/07/2015
1/08/2023,28,PM2.5,EAST SYRACUSE,36-067-1015,AQS,38,22,32.6,1/08/2014,1/08/2001
1/09/2023,50,PM2.5,EAST SYRACUSE,36-067-1015,AQS,55,21,30.2,1/09/2003,1/09/2002
1/10/2023,28,Ozone,FULTON,36-075-0003,AQS,65,25,33.4,1/10/2000,1/10/2002
1/11/2023,40,PM2.5,EAST SYRACUSE,36-067-1015,AQS,61,25,34,1/11/2006,1/11/2001
1/12/2023,39,PM2.5,EAST SYRACUSE,36-067-1015,AQS,51,19,34.6,1/12/2007,1/12/2004
01/13/2023,31,Ozone,FULTON,36-075-0003,AirNow,91,11,29.2,01/13/2001,01/13/2016
01/14/2023,31,Ozone,FULTON,36-075-0003,AQS,64,21,29.2,01/14/2010,01/14/2015
01/15/2023,31,Ozone,FULTON,36-075-0003,AQS,59,14,49.6,01/15/2019,01/15/2001
01/16/2023,33,PM2.5,EAST SYRACUSE,36-067-1015,AQS,52,26,40,01/16/2018,01/16/2014
01/17/2023,35,PM2.5,EAST SYRACUSE,36-067-1015,AQS,63,25,39.8,01/17/2010,01/17/2012
01/18/2023,25,PM2.5,EAST SYRACUSE,36-067-1015,AQS,50,18,34.2,01/18/2015,01/18/2001
01/19/2023,20,PM2.5,EAST SYRACUSE,36-067-1015,AQS,94,21,33.2,01/19/2001,01/19/2017
01/20/2023,25,Ozone,FULTON,36-075-0003,AQS,54,25,32.2,01/20/2002,01/20/2009
01/21/2023,28,Ozone,EAST SYRACUSE,36-067-1015,AQS,62,24,37.6,01/21/2018,01/21/2016
01/22/2023,28,PM2.5,EAST SYRACUSE,36-067-1015,AQS,72,28,40,01/22/2009,01/22/2014
01/23/2023,33,PM2.5,EAST SYRACUSE,36-067-1015,AQS,55,21,34.4,01/23/2010,01/23/2004
01/24/2023,34,PM2.5,EAST SYRACUSE,36-067-1015,AQS,66,23,39.2,01/24/2015,01/24/2002
01/25/2023,27,Ozone,EAST SYRACUSE,36-067-1015,AQS,83,21,34.4,01/25/2000,01/25/2011
01/26/2023,30,Ozone,FULTON,36-075-0003,AQS,36,22,31.6,01/26/2019,01/26/2012
01/27/2023,31,Ozone,EAST SYRACUSE,36-067-1015,AQS,58,27,31.2,01/27/2011,01/27/2008
01/28/2023,33,Ozone,EAST SYRACUSE,36-067-1015,AQS,66,25,33.6,01/28/2003,01/28/2006
01/29/2023,32,Ozone,EAST SYRACUSE,36-067-1015,AQS,78,19,34.4,01/29/2002,01/29/2013
01/30/2023,30,Ozone,FULTON,36-075-0003,AQS,59,18,34.4,01/30/2003,01/30/2002
01/31/2023,33,Ozone,FULTON,36-075-0003,AQS,63,25,35.2,01/31/2000,01/31/2002
2/01/2023,37,Ozone,FULTON,36-075-0003,AQS,56,23,34.2,2/01/2014,2/01/2007
2/02/2023,40,Ozone,FULTON,36-075-0003,AQS,58,23,38,2/02/2003,2/02/2008
2/03/2023,35,Ozone,FULTON,36-075-0003,AQS,70,29,41,2/03/2008,2/03/2000
2/04/2023,31,Ozone,FULTON,36-075-0003,AQS,53,25,35.4,2/04/2014,2/04/2005
2/05/2023,35,Ozone,EAST SYRACUSE,36-067-1015,AQS,63,24,36,2/05/2011,2/05/2008
2/06/2023,46,PM2.5,EAST SYRACUSE,36-067-1015,AQS,64,25,33.2,2/06/2001,2/06/2019
2/07/2023,38,PM2.5,EAST SYRACUSE,36-067-1015,AQS,66,29,48.8,2/07/2019,2/07/2012
2/08/2023,50,PM2.5,EAST SYRACUSE,36-067-1015,AQS,62,21,42.2,2/08/2015,2/08/2005
2/09/2023,53,PM2.5,EAST SYRACUSE,36-067-1015,AQS,78,28,39.8,2/09/2000,2/09/2008
2/10/2023,32,Ozone,FULTON,36-075-0003,AQS,74,26,45.8,2/10/2018,2/10/2012
2/11/2023,33,Ozone,FULTON,36-075-0003,AQS,63,30,43.2,2/11/2011,2/11/2014
2/12/2023,37,PM2.5,EAST SYRACUSE,36-067-1015,AQS,47,30,38,2/12/2017,2/12/2004
02/13/2023,37,Ozone,FULTON,36-075-0003,AQS,44,31,34.8,02/13/2011,02/13/2001
02/14/2023,39,Ozone,FULTON,36-075-0003,AQS,48,24,39,02/14/2018,02/14/2016
02/15/2023,43,Ozone,EAST SYRACUSE,36-067-1015,AQS,56,30,34.4,02/15/2012,02/15/2002
02/16/2023,36,PM2.5,EAST SYRACUSE,36-067-1015,AQS,63,20,36.8,02/16/2006,02/16/2012
02/17/2023,34,Ozone,FULTON,36-075-0003,AQS,68,31,42.2,02/17/2015,02/17/2016
02/18/2023,37,Ozone,FULTON,36-075-0003,AQS,58,33,44,02/18/2015,02/18/2010
02/19/2023,35,Ozone,EAST SYRACUSE,36-067-1015,AQS,60,30,37.2,02/19/2014,02/19/2003
02/20/2023,36,Ozone,FULTON,36-075-0003,AQS,57,23,37.4,02/20/2003,02/20/2004
02/21/2023,37,PM2.5,EAST SYRACUSE,36-067-1015,AQS,66,25,38.2,02/21/2000,02/21/2016
02/22/2023,32,Ozone,FULTON,36-075-0003,AQS,66,27,43.2,02/22/2006,02/22/2018
02/23/2023,38,PM2.5,EAST SYRACUSE,36-067-1015,AQS,50,30,37,02/23/2017,02/23/2016
02/24/2023,39,Ozone,FULTON,36-075-0003,AQS,103,24,36.4,02/24/2000,02/24/2016
02/25/2023,36,Ozone,FULTON,36-075-0003,AQS,49,28,36.8,02/25/2008,02/25/2000
02/26/2023,52,PM2.5,EAST SYRACUSE,36-067-1015,AQS,59,32,37,02/26/2003,02/26/2015
02/27/2023,40,Ozone,FULTON,36-075-0003,AQS,61,32,37.2,02/27/2001,02/27/2006
02/28/2023,37,Ozone,FULTON,36-075-0003,AQS,67,31,47.4,02/28/2016,02/28/2000
3/01/2023,36,Ozone,FULTON,36-075-0003,AQS,83,30,42.8,3/01/2003,3/01/2002
3/02/2023,50,PM2.5,EAST SYRACUSE,36-067-1015,AQS,62,29,43.8,3/02/2001,3/02/2012
3/03/2023,40,Ozone,FULTON,36-075-0003,AQS,48,32,37.6,3/03/2019,3/03/2015
3/04/2023,37,Ozone,FULTON,36-075-0003,AQS,77,31,42.2,3/04/2004,3/04/2014
3/05/2023,40,Ozone,FULTON,36-075-0003,AQS,61,33,37,3/05/2005,3/05/2002
3/06/2023,40,Ozone,FULTON,36-075-0003,AQS,74,16,39.6,3/06/2002,3/06/2006
3/07/2023,42,Ozone,FULTON,36-075-0003,AQS,80,29,42,3/07/2010,3/07/2016
3/08/2023,39,Ozone,FULTON,36-075-0003,AQS,64,25,46,3/08/2010,3/08/2004
3/09/2023,36,Ozone,FULTON,36-075-0003,AQS,80,18,47.4,3/09/2010,3/09/2004
3/10/2023,34,Ozone,FULTON,36-075-0003,AQS,80,31,41.8,3/10/2010,3/10/2000
3/11/2023,37,Ozone,FULTON,36-075-0003,AQS,90,28,40.8,3/11/2010,3/11/2000
3/12/2023,38,Ozone,FULTON,36-075-0003,AQS,56,17,39.8,3/12/2006,3/12/2004
03/13/2023,36,Ozone,EAST SYRACUSE,36-067-1015,AQS,51,27,40.2,03/13/2019,03/13/2002
03/14/2023,38,Ozone,FULTON,36-075-0003,AQS,61,33,41.2,03/14/2019,03/14/2000
03/15/2023,45,Ozone,FULTON,36-075-0003,AQS,68,27,39.6,03/15/2002,03/15/2016
03/16/2023,47,Ozone,EAST SYRACUSE,36-067-1015,AQS,87,31,39.6,03/16/2003,03/16/2016
03/17/2023,43,Ozone,EAST SYRACUSE,36-067-1015,AQS,90,37,40.8,03/17/2003,03/17/2000
03/18/2023,42,Ozone,FULTON,36-075-0003,AQS,74,34,41.6,03/18/2003,03/18/2016
03/19/2023,44,Ozone,FULTON,36-075-0003,AQS,58,32,44.8,03/19/2017,03/19/2002
03/20/2023,44,Ozone,EAST SYRACUSE,36-067-1015,AQS,54,34,44.2,03/20/2001,03/20/2003
03/21/2023,47,PM2.5,EAST SYRACUSE,36-067-1015,AQS,49,31,42.6,03/21/2017,03/21/2003
03/22/2023,48,PM2.5,EAST SYRACUSE,36-067-1015,AQS,77,27,38,03/22/2007,03/22/2004
03/23/2023,37,Ozone,FULTON,36-075-0003,AQS,54,30,38.4,03/23/2001,03/23/2015
03/24/2023,37,Ozone,FULTON,36-075-0003,AQS,52,32,42.2,03/24/2006,03/24/2014
03/25/2023,41,Ozone,FULTON,36-075-0003,AQS,55,34,41,03/25/2000,03/25/2004
03/26/2023,45,Ozone,EAST SYRACUSE,36-067-1015,AQS,58,35,44.2,03/26/2015,03/26/2006
03/27/2023,42,Ozone,EAST SYRACUSE,36-067-1015,AQS,50,30,39.2,03/27/2000,03/27/2004
03/28/2023,41,Ozone,FULTON,36-075-0003,AQS,58,29,37,03/28/2003,03/28/2018
03/29/2023,46,Ozone,EAST SYRACUSE,36-067-1015,AQS,71,27,38.8,03/29/2001,03/29/2018
03/30/2023,44,Ozone,FULTON,36-075-0003,AQS,84,32,46.6,03/30/2006,03/30/2009
03/31/2023,38,Ozone,EAST SYRACUSE,36-067-1015,AQS,133,34,40.4,03/31/2006,03/31/2004
4/01/2023,47,Ozone,EAST SYRACUSE,36-067-1015,AQS,51,35,41.2,4/01/2000,4/01/2009
4/02/2023,43,Ozone,EAST SYRACUSE,36-067-1015,AQS,115,24,45.4,4/02/2010,4/02/2003
4/03/2023,45,Ozone,EAST SYRACUSE,36-067-1015,AQS,112,31,40,4/03/2010,4/03/2004
4/04/2023,38,Ozone,FULTON,36-075-0003,AQS,54,30,39,4/04/2001,4/04/2000
4/05/2023,42,Ozone,EAST SYRACUSE,36-067-1015,AQS,74,28,37.6,4/05/2010,4/05/2007
4/06/2023,42,Ozone,FULTON,36-075-0003,AQS,105,31,41.4,4/06/2005,4/06/2007
4/07/2023,42,Ozone,FULTON,36-075-0003,AQS,73,33,39.6,4/07/2001,4/07/2007
4/08/2023,44,Ozone,FULTON,36-075-0003,AQS,74,30,41.2,4/08/2010,4/08/2007
4/09/2023,44,Ozone,EAST SYRACUSE,36-067-1015,AQS,54,34,42,4/09/2017,4/09/2015
4/10/2023,58,Ozone,EAST SYRACUSE,36-067-1015,AQS,74,32,44.4,4/10/2009,4/10/2013
4/11/2023,77,Ozone,FULTON,36-075-0003,AQS,80,31,42.4,4/11/2006,4/11/2012
4/12/2023,77,Ozone,EAST SYRACUSE,36-067-1015,AQS,90,34,40.6,4/12/2006,4/12/2016
04/13/2023,74,Ozone,EAST SYRACUSE,36-067-1015,AQS,67,26,38,04/13/2014,04/13/2015
04/14/2023,119,Ozone,EAST SYRACUSE,36-067-1015,AQS,67,36,40.8,04/14/2003,04/14/2004
04/15/2023,87,Ozone,FULTON,36-075-0003,AQS,115,19,38,04/15/2003,04/15/2016
04/16/2023,48,Ozone,EAST SYRACUSE,36-067-1015,AQS,80,30,44.2,04/16/2003,04/16/2000
04/17/2023,39,Ozone,EAST SYRACUSE,36-067-1015,AQS,108,31,39.6,04/17/2008,04/17/2017
04/18/2023,33,Ozone,FULTON,36-075-0003,AQS,150,36,50.8,04/18/2008,04/18/2018
04/19/2023,36,Ozone,EAST SYRACUSE,36-067-1015,AQS,161,34,40.8,04/19/2008,04/19/2000
04/20/2023,45,Ozone,EAST SYRACUSE,36-067-1015,AQS,122,29,38.6,04/20/2005,04/20/2017
04/21/2023,74,Ozone,FULTON,36-075-0003,AQS,93,31,45.8,04/21/2014,04/21/2017
04/22/2023,50,Ozone,EAST SYRACUSE,36-067-1015,AQS,105,25,39.8,04/22/2008,04/22/2017
04/23/2023,39,Ozone,EAST SYRACUSE,36-067-1015,AQS,136,30,42.4,04/23/2007,04/23/2015
04/24/2023,38,Ozone,EAST SYRACUSE,36-067-1015,AQS,74,33,45.4,04/24/2009,04/24/2015
04/25/2023,40,Ozone,EAST SYRACUSE,36-067-1015,AQS,80,27,37.4,04/25/2008,04/25/2002
04/26/2023,44,Ozone,EAST SYRACUSE,36-067-1015,AQS,97,32,37,04/26/2008,04/26/2016
04/27/2023,44,Ozone,EAST SYRACUSE,36-067-1015,AQS,97,32,41.2,04/27/2009,04/27/2000
04/28/2023,49,Ozone,EAST SYRACUSE,36-067-1015,AQS,174,30,43,04/28/2003,04/28/2007
04/29/2023,40,Ozone,EAST SYRACUSE,36-067-1015,AQS,80,30,40,04/29/2004,04/29/2002
04/30/2023,36,Ozone,EAST SYRACUSE,36-067-1015,AQS,143,31,43,04/30/2004,04/30/2017
5/01/2023,35,Ozone,EAST SYRACUSE,36-067-1015,AQS,126,35,50.4,5/01/2001,5/01/2014
5/02/2023,27,Ozone,FULTON,36-075-0003,AQS,143,30,47.4,5/02/2001,5/02/2014
5/03/2023,28,Ozone,FULTON,36-075-0003,AQS,143,27,55,5/03/2001,5/03/2011
5/04/2023,29,Ozone,FULTON,36-075-0003,AQS,164,29,46.8,5/04/2001,5/04/2011
5/05/2023,32,Ozone,EAST SYRACUSE,36-067-1015,AQS,87,27,41.4,5/05/2002,5/05/2019
5/06/2023,38,Ozone,EAST SYRACUSE,36-067-1015,AQS,112,26,42.4,5/06/2000,5/06/2017
5/07/2023,40,Ozone,EAST SYRACUSE,36-067-1015,AQS,77,31,42.4,5/07/2005,5/07/2017
5/08/2023,44,Ozone,EAST SYRACUSE,36-067-1015,AQS,93,29,53,5/08/2015,5/08/2012
5/09/2023,38,Ozone,EAST SYRACUSE,36-067-1015,AQS,115,35,52.2,5/09/2007,5/09/2011
5/10/2023,38,Ozone,EAST SYRACUSE,36-067-1015,AQS,122,30,45.2,5/10/2001,5/10/2017
5/11/2023,49,Ozone,EAST SYRACUSE,36-067-1015,AQS,129,35,40.4,5/11/2001,5/11/2013
5/12/2023,105,Ozone,FULTON,36-075-0003,AQS,87,31,43.6,5/12/2012,5/12/2018
05/13/2023,42,Ozone,EAST SYRACUSE,36-067-1015,AQS,119,34,38.8,05/13/2004,05/13/2002
05/14/2023,34,Ozone,EAST SYRACUSE,36-067-1015,AQS,67,28,44,05/14/2008,05/14/2019
05/15/2023,46,Ozone,EAST SYRACUSE,36-067-1015,AQS,119,27,41.8,05/15/2007,05/15/2011
05/16/2023,47,Ozone,EAST SYRACUSE,36-067-1015,AQS,67,22,41.8,05/16/2002,05/16/2011
05/17/2023,37,Ozone,EAST SYRACUSE,36-067-1015,AQS,100,23,54.2,05/17/2000,05/17/2011
05/18/2023,42,Ozone,EAST SYRACUSE,36-067-1015,AQS,84,28,40.2,05/18/2000,05/18/2001
05/19/2023,47,Ozone,EAST SYRACUSE,36-067-1015,AQS,77,30,38.2,05/19/2012,05/19/2000
05/20/2023,43,Ozone,EAST SYRACUSE,36-067-1015,AQS,90,31,41,05/20/2009,05/20/2018
05/21/2023,43,Ozone,EAST SYRACUSE,36-067-1015,AQS,119,31,44.2,05/21/2009,05/21/2003
05/22/2023,36,PM2.5,EAST SYRACUSE,36-067-1015,AQS,97,26,39,05/22/2009,05/22/2008
05/23/2023,44,Ozone,FULTON,36-075-0003,AQS,105,27,51,05/23/2007,05/23/2005
05/24/2023,43,PM2.5,EAST SYRACUSE,36-067-1015,AQS,154,26,63,05/24/2007,05/24/2013
05/25/2023,27,Ozone,EAST SYRACUSE,36-067-1015,AQS,143,31,72.6,05/25/2007,05/25/2013
05/26/2023,37,Ozone,EAST SYRACUSE,36-067-1015,AQS,115,25,69,05/26/2018,05/26/2017
05/27/2023,43,Ozone,EAST SYRACUSE,36-067-1015,AQS,77,26,41.2,05/27/2014,05/27/2009
05/28/2023,61,Ozone,EAST SYRACUSE,36-067-1015,AQS,71,25,44.6,05/28/2002,05/28/2019
05/29/2023,49,Ozone,EAST SYRACUSE,36-067-1015,AQS,108,29,43,05/29/2006,05/29/2014
05/30/2023,87,Ozone,EAST SYRACUSE,36-067-1015,AQS,93,34,53.6,05/30/2006,05/30/2017
05/31/2023,100,Ozone,EAST SYRACUSE,36-067-1015,AQS,150,26,41.6,05/31/2007,05/31/2015
6/01/2023,74,Ozone,EAST SYRACUSE,36-067-1015,AQS,136,21,46,6/01/2007,6/01/2015
6/02/2023,80,Ozone,EAST SYRACUSE,36-067-1015,AQS,143,24,38.6,6/02/2007,6/02/2018
6/03/2023,50,PM2.5,EAST SYRACUSE,36-067-1015,AQS,58,31,38.4,6/03/2008,6/03/2018
6/04/2023,42,Ozone,FULTON,36-075-0003,AQS,71,23,41.6,6/04/2005,6/04/2012
6/05/2023,81,PM2.5,EAST SYRACUSE,36-067-1015,AQS,97,26,39.4,6/05/2005,6/05/2018
6/06/2023,169,PM2.5,EAST SYRACUSE,36-067-1015,AQS,80,21,33.4,6/06/2009,6/06/2018
6/07/2023,233,PM2.5,EAST SYRACUSE,36-067-1015,AQS,119,26,40.2,6/07/2004,6/07/2013
6/08/2023,103,PM2.5,EAST SYRACUSE,36-067-1015,AQS,154,24,38.8,6/08/2005,6/08/2013
6/09/2023,47,PM2.5,EAST SYRACUSE,36-067-1015,AQS,115,29,47,6/09/2002,6/09/2010
6/10/2023,66,PM2.5,EAST SYRACUSE,36-067-1015,AQS,179,30,51.6,6/10/2000,6/10/2013
6/11/2023,68,PM2.5,EAST SYRACUSE,36-067-1015,AQS,147,27,54.2,6/11/2002,6/11/2014
6/12/2023,68,PM2.5,EAST SYRACUSE,36-067-1015,AQS,87,23,51.2,6/12/2017,6/12/2006
06/13/2023,44,Ozone,EAST SYRACUSE,36-067-1015,AQS,129,18,39.6,06/13/2008,06/13/2000
06/14/2023,33,Ozone,EAST SYRACUSE,36-067-1015,AQS,100,24,36.2,06/14/2008,06/14/2014
06/15/2023,46,Ozone,EAST SYRACUSE,36-067-1015,AQS,100,27,38,06/15/2001,06/15/2014
06/16/2023,45,PM2.5,EAST SYRACUSE,36-067-1015,AQS,80,26,42.4,06/16/2007,06/16/2019
06/17/2023,78,PM2.5,EAST SYRACUSE,36-067-1015,AQS,140,22,46.8,06/17/2006,06/17/2005
06/18/2023,30,Ozone,EAST SYRACUSE,36-067-1015,AQS,105,21,42.8,06/18/2006,06/18/2005
06/19/2023,35,Ozone,EAST SYRACUSE,36-067-1015,AQS,140,30,42.8,06/19/2001,06/19/2005
06/20/2023,44,Ozone,EAST SYRACUSE,36-067-1015,AQS,115,25,44.2,06/20/2002,06/20/2009
06/21/2023,42,Ozone,EAST SYRACUSE,36-067-1015,AQS,129,27,38.4,06/21/2002,06/21/2009
06/22/2023,40,Ozone,EAST SYRACUSE,36-067-1015,AQS,99,28,38.8,06/22/2002,06/22/2011
06/23/2023,31,Ozone,FULTON,36-075-0003,AQS,166,30,37.4,06/23/2002,06/23/2018
06/24/2023,31,Ozone,FULTON,36-075-0003,AQS,164,24,34.4,06/24/2003,06/24/2018
06/25/2023,34,Ozone,EAST SYRACUSE,36-067-1015,AQS,204,25,42,06/25/2003,06/25/2012
06/26/2023,42,Ozone,EAST SYRACUSE,36-067-1015,AQS,201,24,46,06/26/2003,06/26/2011
06/27/2023,40,Ozone,EAST SYRACUSE,36-067-1015,AQS,182,28,37.6,06/27/2001,06/27/2018
06/28/2023,97,PM2.5,EAST SYRACUSE,36-067-1015,AQS,129,28,46,06/28/2001,06/28/2013
06/29/2023,168,PM2.5,EAST SYRACUSE,36-067-1015,AQS,150,24,43.4,06/29/2001,06/29/2016
06/30/2023,163,PM2.5,EAST SYRACUSE,36-067-1015,AQS,112,31,46.6,06/30/2001,06/30/2010
7/01/2023,101,PM2.5,EAST SYRACUSE,36-067-1015,AQS,159,23,49,7/01/2002,7/01/2013
7/02/2023,70,PM2.5,EAST SYRACUSE,36-067-1015,AQS,140,27,40,7/02/2002,7/02/2013
7/03/2023,46,PM2.5,EAST SYRACUSE,36-067-1015,AQS,119,29,42.8,7/03/2003,7/03/2009
7/04/2023,57,PM2.5,EAST SYRACUSE,36-067-1015,AQS,169,27,43.2,7/04/2003,7/04/2014
7/05/2023,54,PM2.5,EAST SYRACUSE,36-067-1015,AQS,90,29,49.8,7/05/2003,7/05/2002
7/06/2023,45,Ozone,EAST SYRACUSE,36-067-1015,AQS,100,23,48.2,7/06/2010,7/06/2000
7/07/2023,42,Ozone,EAST SYRACUSE,36-067-1015,AQS,142,29,51.8,7/07/2002,7/07/2000
7/08/2023,43,Ozone,EAST SYRACUSE,36-067-1015,AQS,140,22,38,7/08/2010,7/08/2009
7/09/2023,36,Ozone,EAST SYRACUSE,36-067-1015,AQS,87,31,48,7/09/2007,7/09/2017
7/10/2023,29,PM2.5,EAST SYRACUSE,36-067-1015,AQS,90,19,44.8,7/10/2007,7/10/2016
7/11/2023,77,Ozone,EAST SYRACUSE,36-067-1015,AQS,101,28,41.4,7/11/2005,7/11/2013
7/12/2023,41,Ozone,EAST SYRACUSE,36-067-1015,AQS,97,21,45.6,7/12/2012,7/12/2001
07/13/2023,44,Ozone,EAST SYRACUSE,36-067-1015,AQS,100,29,44.8,07/13/2012,07/13/2011
07/14/2023,46,Ozone,EAST SYRACUSE,36-067-1015,AQS,136,25,49.6,07/14/2002,07/14/2001
07/15/2023,42,Ozone,EAST SYRACUSE,36-067-1015,AQS,112,25,41.2,07/15/2003,07/15/2015
07/16/2023,41,Ozone,FULTON,36-075-0003,AQS,77,30,41.4,07/16/2011,07/16/2016
07/17/2023,121,PM2.5,EAST SYRACUSE,36-067-1015,AQS,164,26,35.8,07/17/2002,07/17/2014
07/18/2023,91,PM2.5,EAST SYRACUSE,36-067-1015,AQS,159,31,39.8,07/18/2002,07/18/2009
07/19/2023,37,PM2.5,EAST SYRACUSE,36-067-1015,AQS,90,26,46.2,07/19/2008,07/19/2009
07/20/2023,40,Ozone,FULTON,36-075-0003,AQS,84,31,46.2,07/20/2011,07/20/2007
07/21/2023,45,Ozone,EAST SYRACUSE,36-067-1015,AQS,115,25,43,07/21/2005,07/21/2007
07/22/2023,33,PM2.5,EAST SYRACUSE,36-067-1015,AQS,112,26,40.4,07/22/2002,07/22/2019
07/23/2023,43,PM2.5,EAST SYRACUSE,36-067-1015,AQS,115,27,35.2,07/23/2001,07/23/2007
07/24/2023,42,Ozone,EAST SYRACUSE,36-067-1015,AQS,106,19,30.4,07/24/2001,07/24/2018
07/25/2023,46,Ozone,EAST SYRACUSE,36-067-1015,AQS,93,17,32.6,07/25/2005,07/25/2017
07/26/2023,72,PM2.5,EAST SYRACUSE,36-067-1015,AQS,100,26,40.2,07/26/2003,07/26/2016
07/27/2023,49,Ozone,EAST SYRACUSE,36-067-1015,AQS,77,22,44.2,07/27/2003,07/27/2000
07/28/2023,56,PM2.5,EAST SYRACUSE,36-067-1015,AQS,84,23,40.8,07/28/2007,07/28/2017
07/29/2023,45,PM2.5,EAST SYRACUSE,36-067-1015,AQS,90,18,37.2,07/29/2002,07/29/2014
07/30/2023,27,Ozone,EAST SYRACUSE,36-067-1015,AQS,61,28,37.2,07/30/2005,07/30/2016
07/31/2023,29,Ozone,EAST SYRACUSE,36-067-1015,AQS,112,27,34.4,07/31/2002,07/31/2016
8/01/2023,30,Ozone,EAST SYRACUSE,36-067-1015,AQS,93,31,36,8/01/2001,8/01/2016
8/02/2023,33,Ozone,EAST SYRACUSE,36-067-1015,AQS,154,30,46,8/02/2001,8/02/2008
8/03/2023,58,PM2.5,EAST SYRACUSE,36-067-1015,AQS,126,19,45,8/03/2007,8/03/2008
8/04/2023,58,PM2.5,EAST SYRACUSE,36-067-1015,AQS,136,24,43.8,8/04/2005,8/04/2013
8/05/2023,53,PM2.5,EAST SYRACUSE,36-067-1015,AQS,71,27,42.2,8/05/2018,8/05/2006
8/06/2023,40,PM2.5,EAST SYRACUSE,36-067-1015,AQS,115,19,36.8,8/06/2001,8/06/2002
8/07/2023,35,Ozone,EAST SYRACUSE,36-067-1015,AQS,129,21,32.8,8/07/2001,8/07/2004
8/08/2023,25,Ozone,EAST SYRACUSE,36-067-1015,AQS,97,23,31.4,8/08/2012,8/08/2015
8/09/2023,48,PM2.5,EAST SYRACUSE,36-067-1015,AQS,122,28,38.2,8/09/2001,8/09/2008
8/10/2023,45,PM2.5,EAST SYRACUSE,36-067-1015,AQS,112,21,39.2,8/10/2002,8/10/2019
8/11/2023,31,Ozone,EAST SYRACUSE,36-067-1015,AQS,182,28,47,8/11/2002,8/11/2000
8/12/2023,40,Ozone,EAST SYRACUSE,36-067-1015,AQS,159,23,37.4,8/12/2002,8/12/2008
08/13/2023,31,Ozone,EAST SYRACUSE,36-067-1015,AQS,126,26,33.4,08/13/2002,08/13/2018
08/14/2023,28,Ozone,EAST SYRACUSE,36-067-1015,AQS,172,22,32.4,08/14/2002,08/14/2013
08/15/2023,18,PM2.5,EAST SYRACUSE,36-067-1015,AQS,104,28,42.2,08/15/2002,08/15/2014
08/16/2023,29,Ozone,FULTON,36-075-0003,AQS,108,26,43.8,08/16/2001,08/16/2006
08/17/2023,36,Ozone,EAST SYRACUSE,36-067-1015,AQS,84,29,43.6,08/17/2009,08/17/2000
08/18/2023,32,Ozone,EAST SYRACUSE,36-067-1015,AQS,93,21,39.4,08/18/2006,08/18/2007
08/19/2023,43,PM2.5,EAST SYRACUSE,36-067-1015,AQS,80,27,38.2,08/19/2001,08/19/2018
08/20/2023,55,PM2.5,EAST SYRACUSE,36-067-1015,AQS,93,17,36.4,08/20/2013,08/20/2007
08/21/2023,49,PM2.5,EAST SYRACUSE,36-067-1015,AQS,108,25,41.4,08/21/2003,08/21/2007
08/22/2023,30,PM2.5,EAST SYRACUSE,36-067-1015,AQS,93,23,34.2,08/22/2002,08/22/2007
08/23/2023,35,PM2.5,EAST SYRACUSE,36-067-1015,AQS,71,19,32.2,08/23/2001,08/23/2014
08/24/2023,34,Ozone,EAST SYRACUSE,36-067-1015,AQS,100,18,33.2,08/24/2012,08/24/2019
08/25/2023,29,Ozone,EAST SYRACUSE,36-067-1015,AQS,93,25,34,08/25/2012,08/25/2019
08/26/2023,27,Ozone,EAST SYRACUSE,36-067-1015,AQS,76,23,34.8,08/26/2001,08/26/2010
08/27/2023,26,Ozone,EAST SYRACUSE,36-067-1015,AQS,62,17,36.4,08/27/2018,08/27/2015
08/28/2023,26,Ozone,FULTON,36-075-0003,AQS,64,23,40.6,08/28/2010,08/28/2014
08/29/2023,29,Ozone,FULTON,36-075-0003,AQS,108,20,37.2,08/29/2007,08/29/2011
08/30/2023,35,Ozone,EAST SYRACUSE,36-067-1015,AQS,97,22,36.4,08/30/2010,08/30/2004
08/31/2023,26,Ozone,EAST SYRACUSE,36-067-1015,AQS,126,22,36.8,08/31/2010,08/31/2018
9/01/2023,31,Ozone,EAST SYRACUSE,36-067-1015,AQS,90,17,33.8,9/01/2010,9/01/2016
9/02/2023,40,Ozone,EAST SYRACUSE,36-067-1015,AQS,77,22,37,9/02/2010,9/02/2016
9/03/2023,48,Ozone,EAST SYRACUSE,36-067-1015,AQS,100,17,39.8,9/03/2010,9/03/2013
9/04/2023,48,Ozone,EAST SYRACUSE,36-067-1015,AQS,74,21,39,9/04/2004,9/04/2000
9/05/2023,46,Ozone,EAST SYRACUSE,36-067-1015,AQS,71,21,41,9/05/2008,9/05/2006
9/06/2023,45,Ozone,EAST SYRACUSE,36-067-1015,AQS,108,26,42.8,9/06/2007,9/06/2011
9/07/2023,39,Ozone,EAST SYRACUSE,36-067-1015,AQS,122,24,39,9/07/2007,9/07/2008
9/08/2023,27,Ozone,EAST SYRACUSE,36-067-1015,AQS,143,20,32.8,9/08/2002,9/08/2017
9/09/2023,17,Ozone,EAST SYRACUSE,36-067-1015,AQS,172,18,28,9/09/2002,9/09/2010
9/10/2023,18,Ozone,FULTON,36-075-0003,AQS,151,16,30.4,9/10/2002,9/10/2018
9/11/2023,19,Ozone,EAST SYRACUSE,36-067-1015,AQS,58,22,33,9/11/2000,9/11/2018
9/12/2023,39,Ozone,EAST SYRACUSE,36-067-1015,AQS,119,25,29.6,9/12/2005,9/12/2014
09/13/2023,29,Ozone,EAST SYRACUSE,36-067-1015,AQS,100,16,33.2,09/13/2012,09/13/2013
09/14/2023,27,Ozone,EAST SYRACUSE,36-067-1015,AQS,119,21,31,09/14/2005,09/14/2013
09/15/2023,26,Ozone,EAST SYRACUSE,36-067-1015,AQS,51,21,36.4,09/15/2015,09/15/2007
09/16/2023,31,Ozone,FULTON,36-075-0003,AQS,87,22,47.8,09/16/2015,09/16/2000
09/17/2023,34,Ozone,FULTON,36-075-0003,AQS,50,25,36.2,09/17/2012,09/17/2009
09/18/2023,37,Ozone,EAST SYRACUSE,36-067-1015,AQS,77,24,42.6,09/18/2015,09/18/2008
09/19/2023,34,Ozone,EAST SYRACUSE,36-067-1015,AQS,93,22,38.2,09/19/2001,09/19/2018
09/20/2023,33,Ozone,EAST SYRACUSE,36-067-1015,AQS,122,24,33.8,09/20/2000,09/20/2006
09/21/2023,29,Ozone,EAST SYRACUSE,36-067-1015,AQS,80,26,37.2,09/21/2007,09/21/2015
09/22/2023,29,Ozone,EAST SYRACUSE,36-067-1015,AQS,112,17,41.2,09/22/2004,09/22/2014
09/23/2023,31,PM2.5,EAST SYRACUSE,36-067-1015,AQS,46,18,35,09/23/2004,09/23/2016
09/24/2023,41,PM2.5,EAST SYRACUSE,36-067-1015,AQS,90,21,32.8,09/24/2010,09/24/2019
09/25/2023,46,PM2.5,EAST SYRACUSE,36-067-1015,AQS,80,20,35.6,09/25/2007,09/25/2009
09/26/2023,51,PM2.5,EAST SYRACUSE,36-067-1015,AQS,58,16,34.8,09/26/2007,09/26/2000
09/27/2023,31,Ozone,EAST SYRACUSE,36-067-1015,AQS,80,19,44.2,09/27/2017,09/27/2001
09/28/2023,33,Ozone,FULTON,36-075-0003,AQS,46,16,33.6,09/28/2005,09/28/2012
09/29/2023,40,PM2.5,EAST SYRACUSE,36-067-1015,AQS,46,19,25.8,09/29/2005,09/29/2008
09/30/2023,44,PM2.5,EAST SYRACUSE,36-067-1015,AQS,54,18,23.8,09/30/2002,09/30/2019
10/01/2023,36,PM2.5,EAST SYRACUSE,36-067-1015,AQS,64,17,25.6,10/01/2002,10/01/2018
10/02/2023,40,Ozone,EAST SYRACUSE,36-067-1015,AQS,82,20,25.6,10/02/2002,10/02/2018
10/03/2023,47,Ozone,EAST SYRACUSE,36-067-1015,AQS,100,17,26.8,10/03/2005,10/03/2011
10/04/2023,43,Ozone,EAST SYRACUSE,36-067-1015,AQS,108,17,30,10/04/2005,10/04/2011
10/05/2023,44,Ozone,EAST SYRACUSE,36-067-1015,AQS,108,15,28.6,10/05/2001,10/05/2013
10/06/2023,32,Ozone,EAST SYRACUSE,36-067-1015,AQS,64,23,28.2,10/06/2007,10/06/2018
10/07/2023,24,Ozone,EAST SYRACUSE,36-067-1015,AQS,46,20,32.4,10/07/2017,10/07/2018
10/08/2023,26,Ozone,EAST SYRACUSE,36-067-1015,AQS,51,14,29.4,10/08/2004,10/08/2005
10/09/2023,29,Ozone,FULTON,36-075-0003,AQS,74,14,26.2,10/09/2003,10/09/2005
10/10/2023,29,Ozone,EAST SYRACUSE,36-067-1015,AQS,64,11,28.8,10/10/2011,10/10/2005
10/11/2023,21,Ozone,EAST SYRACUSE,36-067-1015,AQS,67,23,28.6,10/11/2003,10/11/2017
10/12/2023,25,Ozone,EAST SYRACUSE,36-067-1015,AQS,48,18,30.4,10/12/2003,10/12/2017
10/13/2023,18,Ozone,FULTON,36-075-0003,AQS,61,24,33,10/13/2008,10/13/2005
10/14/2023,18,Ozone,FULTON,36-075-0003,AQS,84,16,27,10/14/2000,10/14/2004
10/15/2023,17,Ozone,EAST SYRACUSE,36-067-1015,AQS,60,22,32,10/15/2000,10/15/2009
10/16/2023,19,Ozone,EAST SYRACUSE,36-067-1015,AQS,38,22,32.4,10/16/2019,10/16/2000
10/17/2023,19,Ozone,FULTON,36-075-0003,AQS,42,22,28.8,10/17/2007,10/17/2000
10/18/2023,24,Ozone,EAST SYRACUSE,36-067-1015,AQS,71,23,32.2,10/18/2007,10/18/2004
10/19/2023,31,Ozone,EAST SYRACUSE,36-067-1015,AQS,48,20,34,10/19/2017,10/19/2004
10/20/2023,35,Ozone,EAST SYRACUSE,36-067-1015,AQS,41,16,30.4,10/20/2000,10/20/2004
10/21/2023,20,Ozone,FULTON,36-075-0003,AQS,80,14,34.2,10/21/2001,10/21/2011
10/22/2023,25,Ozone,FULTON,36-075-0003,AQS,74,18,32.4,10/22/2007,10/22/2016
10/23/2023,29,Ozone,FULTON,36-075-0003,AQS,45,18,32.2,10/23/2001,10/23/2012
10/24/2023,36,Ozone,EAST SYRACUSE,36-067-1015,AQS,73,15,28.8,10/24/2000,10/24/2005
10/25/2023,39,Ozone,EAST SYRACUSE,36-067-1015,AQS,55,21,29.2,10/25/2014,10/25/2004
10/26/2023,36,Ozone,EAST SYRACUSE,36-067-1015,AQS,46,21,30.6,10/26/2019,10/26/2015
10/27/2023,38,PM2.5,EAST SYRACUSE,36-067-1015,AQS,88,21,26.6,10/27/2000,10/27/2016
10/28/2023,28,Ozone,EAST SYRACUSE,36-067-1015,AQS,44,12,28.2,10/28/2017,10/28/2012
10/29/2023,15,Ozone,FULTON,36-075-0003,AQS,36,15,30,10/29/2019,10/29/2009
10/30/2023,25,Ozone,FULTON,36-075-0003,AQS,58,18,30.8,10/30/2004,10/30/2014
10/31/2023,24,Ozone,FULTON,36-075-0003,AQS,55,14,25.2,10/31/2013,10/31/2012
11/01/2023,24,Ozone,FULTON,36-075-0003,AQS,49,19,26.4,11/01/2001,11/01/2017
11/02/2023,27,Ozone,EAST SYRACUSE,36-067-1015,AQS,55,19,35,11/02/2016,11/02/2004
11/03/2023,38,Ozone,EAST SYRACUSE,36-067-1015,AQS,43,14,32.8,11/03/2016,11/03/2003
11/04/2023,37,Ozone,FULTON,36-075-0003,AQS,52,20,27.6,11/04/2002,11/04/2003
11/05/2023,31,Ozone,EAST SYRACUSE,36-067-1015,AQS,72,19,28.2,11/05/2008,11/05/2018
11/06/2023,36,Ozone,EAST SYRACUSE,36-067-1015,AQS,51,21,27.8,11/06/2005,11/06/2009
11/07/2023,36,Ozone,EAST SYRACUSE,36-067-1015,AQS,49,22,26,11/07/2006,11/07/2000
11/08/2023,29,Ozone,FULTON,36-075-0003,AQS,63,20,28.8,11/08/2000,11/08/2018
11/09/2023,27,Ozone,EAST SYRACUSE,36-067-1015,AQS,57,3,26.4,11/09/2009,11/09/2000
11/10/2023,29,Ozone,FULTON,36-075-0003,AQS,51,18,34.2,11/10/2002,11/10/2000
11/11/2023,31,Ozone,FULTON,36-075-0003,AQS,47,20,30.4,11/11/2012,11/11/2000
11/12/2023,31,Ozone,FULTON,36-075-0003,AQS,45,17,29.8,11/12/2012,11/12/2006
11/13/2023,25,PM2.5,EAST SYRACUSE,36-067-1015,AQS,55,13,35.6,11/13/2017,11/13/2000
11/14/2023,20,Ozone,FULTON,36-075-0003,AQS,62,18,36.2,11/14/2000,11/14/2006
11/15/2023,24,Ozone,EAST SYRACUSE,36-067-1015,AQS,85,22,36.2,11/15/2001,11/15/2008
11/16/2023,41,Ozone,EAST SYRACUSE,36-067-1015,AQS,58,19,36,11/16/2016,11/16/2003
11/17/2023,59,PM2.5,EAST SYRACUSE,36-067-1015,AQS,73,23,31.6,11/17/2003,11/17/2015
11/18/2023,28,Ozone,FULTON,36-075-0003,AQS,54,9,33.2,11/18/2001,11/18/2004
11/19/2023,28,Ozone,FULTON,36-075-0003,AQS,48,19,35.8,11/19/2001,11/19/2000
11/20/2023,29,Ozone,FULTON,36-075-0003,AQS,53,16,34,11/20/2012,11/20/2002
11/21/2023,25,Ozone,EAST SYRACUSE,36-067-1015,AQS,57,13,36.6,11/21/2009,11/21/2004
11/22/2023,22,Ozone,EAST SYRACUSE,36-067-1015,AQS,60,15,31.8,11/22/2002,11/22/2001
11/23/2023,31,Ozone,FULTON,36-075-0003,AQS,50,22,32.2,11/23/2003,11/23/2001
11/24/2023,34,Ozone,FULTON,36-075-0003,AQS,52,18,35.4,11/24/2001,11/24/2002
11/25/2023,29,Ozone,EAST SYRACUSE,36-067-1015,AQS,59,21,38,11/25/2019,11/25/2009
11/26/2023,31,Ozone,EAST SYRACUSE,36-067-1015,AQS,52,16,33.2,11/26/2000,11/26/2002
11/27/2023,29,Ozone,FULTON,36-075-0003,AQS,47,18,31.6,11/27/2019,11/27/2018
11/28/2023,31,Ozone,FULTON,36-075-0003,AQS,40,14,28.6,11/28/2002,11/28/2001
11/29/2023,29,Ozone,FULTON,36-075-0003,AQS,39,11,28.8,11/29/2011,11/29/2001
11/30/2023,36,Ozone,EAST SYRACUSE,36-067-1015,AQS,42,13,28,11/30/2001,11/30/2004
12/01/2023,35,Ozone,EAST SYRACUSE,36-067-1015,AQS,56,18,28,12/01/2002,12/01/2005
12/02/2023,55,PM2.5,EAST SYRACUSE,36-067-1015,AQS,57,7,23.6,12/02/2012,12/02/2013
12/03/2023,23,Ozone,EAST SYRACUSE,36-067-1015,AQS,67,19,32.4,12/03/2013,12/03/2012
12/04/2023,25,Ozone,FULTON,36-075-0003,AQS,62,15,38.8,12/04/2017,12/04/2013
12/05/2023,24,Ozone,EAST SYRACUSE,36-067-1015,AQS,53,18,31.2,12/05/2015,12/05/2014
12/06/2023,25,Ozone,FULTON,36-075-0003,AQS,54,20,31.4,12/06/2005,12/06/2008
12/07/2023,30,PM2.5,EAST SYRACUSE,36-067-1015,AQS,56,19,29.6,12/07/2002,12/07/2012
12/08/2023,44,PM2.5,EAST SYRACUSE,36-067-1015,AQS,48,24,28.8,12/08/2007,12/08/2004
12/09/2023,33,Ozone,EAST SYRACUSE,36-067-1015,AQS,54,17,36.2,12/09/2015,12/09/2019
12/10/2023,34,PM2.5,EAST SYRACUSE,36-067-1015,AQS,58,15,34.4,12/10/2002,12/10/2019
12/11/2023,31,Ozone,FULTON,36-075-0003,AQS,76,9,35.4,12/11/2000,12/11/2001
12/12/2023,29,Ozone,EAST SYRACUSE,36-067-1015,AQS,68,21,36,12/12/2018,12/12/2006
12/13/2023,35,Ozone,FULTON,36-075-0003,AQS,67,15,37.6,12/13/2002,12/13/2011
12/14/2023,31,Ozone,FULTON,36-075-0003,AQS,67,19,32.2,12/14/2011,12/14/2001
12/15/2023,38,PM2.5,EAST SYRACUSE,36-067-1015,AQS,59,15,34.8,12/15/2018,12/15/2014
12/16/2023,51,PM2.5,EAST SYRACUSE,36-067-1015,AQS,46,19,30.2,12/16/2014,12/16/2015
12/17/2023,31,Ozone,EAST SYRACUSE,36-067-1015,AQS,49,18,31.4,12/17/2008,12/17/2015
12/18/2023,25,Ozone,EAST SYRACUSE,36-067-1015,AQS,76,22,34.2,12/18/2005,12/18/2004
12/19/2023,33,Ozone,FULTON,36-075-0003,AQS,58,14,29.6,12/19/2002,12/19/2000
12/20/2023,30,PM2.5,EAST SYRACUSE,36-067-1015,AQS,71,22,33.4,12/20/2007,12/20/2005
12/21/2023,29,Ozone,FULTON,36-075-0003,AQS,59,19,37.4,12/21/2019,12/21/2005
12/22/2023,26,PM2.5,EAST SYRACUSE,36-067-1015,AQS,61,13,39.8,12/22/2019,12/22/2013
12/23/2023,38,PM2.5,EAST SYRACUSE,36-067-1015,AQS,53,21,33.8,12/23/2000,12/23/2005
12/24/2023,58,PM2.5,EAST SYRACUSE,36-067-1015,AQS,107,27,30.6,12/24/2005,12/24/2003
12/25/2023,52,PM2.5,EAST SYRACUSE,36-067-1015,AQS,44,17,32.8,12/25/2019,12/25/2007
12/26/2023,48,PM2.5,EAST SYRACUSE,36-067-1015,AQS,56,21,36,12/26/2007,12/26/2015
12/27/2023,23,PM2.5,EAST SYRACUSE,36-067-1015,AQS,57,19,34.4,12/27/2019,12/27/2008
12/28/2023,25,Ozone,FULTON,36-075-0003,AQS,62,16,35.6,12/28/2002,12/28/2006
12/29/2023,22,PM2.5,EAST SYRACUSE,36-067-1015,AQS,65,20,34.8,12/29/2004,12/29/2005
12/30/2023,26,Ozone,FULTON,36-075-0003,AQS,52,7,25.8,12/30/2017,12/30/2019
12/31/2023,25,Ozone,FULTON,36-075-0003,AQS,62,13,26.2,12/31/2002,12/31/2019
